"","year","firm","id","xi1","xi3","xi1_lag","xi3_lag","up1","down1","stay1","pat_app","lpat_app"
"1","1983","BMW",1,-0.735535270703487,-0.613103499687379,-0.793456555071509,-0.681855841556238,0,0,1,92.0400009155273,4.53302951805056
"2","1984","BMW",1,-0.344330797304317,-0.334755026234781,-0.735535270703487,-0.613103499687379,1,0,0,94.4000015258789,4.55807859444878
"3","1985","BMW",1,-0.342030768155944,-0.343838657593621,-0.344330797304317,-0.334755026234781,0,0,1,84.9599990844727,4.45388206112369
"4","1986","BMW",1,-0.308353015921088,-0.319040820977641,-0.342030768155944,-0.343838657593621,0,0,1,162.839996337891,5.0988903194994
"5","1987","BMW",1,-0.198116169158172,-0.250422367922019,-0.308353015921088,-0.319040820977641,1,0,0,165.199996948242,5.11319186405939
"6","1988","BMW",1,0.395626814960058,0.179125347374493,-0.198116169158172,-0.250422367922019,1,0,0,181.720001220703,5.20795493314838
"7","1989","BMW",1,0.310276893652969,0.132197787727404,0.395626814960058,0.179125347374493,0,0,1,177,5.18178355029209
"8","1990","BMW",1,0.544801307265841,0.302715227024634,0.310276893652969,0.132197787727404,1,0,0,118,4.77912349311153
"9","1991","BMW",1,0.366552205313343,0.189807833350794,0.544801307265841,0.302715227024634,0,1,0,84.9599990844727,4.45388206112369
"10","1992","BMW",1,0.484402031321049,0.30851975862456,0.366552205313343,0.189807833350794,1,0,0,75.5199966430664,4.33755210070204
"11","1993","BMW",1,0.101012389672871,0.00692315429556994,0.484402031321049,0.30851975862456,0,1,0,99.120002746582,4.60636949399647
"12","1994","BMW",1,-0.240838216541183,-0.220845348379987,0.101012389672871,0.00692315429556994,0,1,0,146.320007324219,4.99260714129325
"13","1995","BMW",1,-0.239908199672395,-0.19593448272198,-0.240838216541183,-0.220845348379987,0,0,1,210.039993286133,5.35204765715576
"14","1996","BMW",1,0.0869669052228572,0.0528410946235344,-0.239908199672395,-0.19593448272198,1,0,0,328.040008544922,5.79617934989142
"15","1997","BMW",1,0.258897428651838,0.189660631056808,0.0869669052228572,0.0528410946235344,1,0,0,394.119995117188,5.97918950387457
"16","1998","BMW",1,0.320244663279904,0.287128467052826,0.258897428651838,0.189660631056808,0,0,1,415.359985351562,6.03155023546512
"17","1999","BMW",1,0.0137992411931936,0.0504824560722292,0.320244663279904,0.287128467052826,0,1,0,486.160003662109,6.18859261873617
"18","2000","BMW",1,-0.0758885373421808,0.023553096955188,0.0137992411931936,0.0504824560722292,0,0,1,587.640014648438,6.37781481624169
"19","2001","BMW",1,0.355212639933552,0.394062521511041,-0.0758885373421808,0.023553096955188,1,0,0,618.320007324219,6.42862211377486
"20","2002","BMW",1,-0.00554719108473434,0.111328846250666,0.355212639933552,0.394062521511041,0,1,0,575.840026855469,6.35756497825005
"21","2003","BMW",1,-0.182286357331959,-0.0195172286040471,-0.00554719108473434,0.111328846250666,0,1,0,413,6.02586597382531
"22","2004","BMW",1,0.0453797816988288,0.163202785777693,-0.182286357331959,-0.0195172286040471,1,0,0,431.880004882812,6.07046056461431
"23","2005","BMW",1,-0.0365130009964642,0.112993424121984,0.0453797816988288,0.163202785777693,0,0,1,252.520004272461,5.53544273223523
"24","2006","BMW",1,-0.137273099646986,0.0303715113540328,-0.0365130009964642,0.112993424121984,0,1,0,0,0
"25","1983","CHRYSLER",2,0.0324281051634611,-0.0626578636175335,0.0296271225311844,-0.109221879687528,0,0,1,12,2.56494935746154
"26","1984","CHRYSLER",2,0.525692747016776,0.367271144242636,0.0324281051634611,-0.0626578636175335,1,0,0,20,3.04452243772342
"27","1985","CHRYSLER",2,0.387309099546321,0.256381704821949,0.525692747016776,0.367271144242636,0,1,0,56,4.04305126783455
"28","1986","CHRYSLER",2,0.197732342052378,0.121111260365875,0.387309099546321,0.256381704821949,0,1,0,72,4.29045944114839
"29","1987","CHRYSLER",2,0.112920336285213,0.025946656789879,0.197732342052378,0.121111260365875,0,0,1,72,4.29045944114839
"30","1988","CHRYSLER",2,0.00503068501800641,-0.0420027394076008,0.112920336285213,0.025946656789879,0,1,0,112,4.72738781871234
"31","1989","CHRYSLER",2,-0.261847910082564,-0.256497655595045,0.00503068501800641,-0.0420027394076008,0,1,0,90,4.51085950651685
"32","1990","CHRYSLER",2,-0.161632927495827,-0.233034659321177,-0.261847910082564,-0.256497655595045,1,0,0,83,4.43081679884331
"33","1991","CHRYSLER",2,-0.310106249680613,-0.355027631202312,-0.161632927495827,-0.233034659321177,0,1,0,51,3.95124371858143
"34","1992","CHRYSLER",2,-0.196836615119868,-0.232956622015409,-0.310106249680613,-0.355027631202312,1,0,0,77,4.35670882668959
"35","1993","CHRYSLER",2,0.0317353921312301,-0.0145200289832092,-0.196836615119868,-0.232956622015409,1,0,0,121,4.80402104473326
"36","1994","CHRYSLER",2,0.260696556468875,0.184816059251224,0.0317353921312301,-0.0145200289832092,1,0,0,156,5.05624580534831
"37","1995","CHRYSLER",2,0.314615309036352,0.236891027295691,0.260696556468875,0.184816059251224,0,0,1,171,5.14749447681345
"38","1996","CHRYSLER",2,0.380995777217578,0.298586887875751,0.314615309036352,0.236891027295691,0,0,1,212,5.36129216570943
"39","1997","CHRYSLER",2,0.443807055169507,0.327799208670544,0.380995777217578,0.298586887875751,0,0,1,208,5.34233425196481
"40","1983","DAIMLER",3,0.12328596377233,-0.0917670058869621,0.783252324921106,0.403296330254565,0,1,0,59,4.0943445622221
"41","1984","DAIMLER",3,-0.111248067138244,-0.269864164315236,0.12328596377233,-0.0917670058869621,0,1,0,69,4.24849524204936
"42","1985","DAIMLER",3,0.61732697100195,0.262790135986213,-0.111248067138244,-0.269864164315236,1,0,0,76,4.34380542185368
"43","1986","DAIMLER",3,0.805038149851528,0.422209121041541,0.61732697100195,0.262790135986213,1,0,0,95,4.56434819146784
"44","1987","DAIMLER",3,0.687288385100433,0.319416014749155,0.805038149851528,0.422209121041541,0,1,0,100,4.61512051684126
"45","1988","DAIMLER",3,0.700373028019009,0.313620575728033,0.687288385100433,0.319416014749155,0,0,1,122.720001220703,4.81802095768353
"46","1989","DAIMLER",3,0.987608497277964,0.521769508674884,0.700373028019009,0.313620575728033,1,0,0,120.360000610352,4.79876134006954
"47","1990","DAIMLER",3,0.934047117696147,0.478917864677329,0.987608497277964,0.521769508674884,0,0,1,167.559997558594,5.12729175501203
"48","1991","DAIMLER",3,0.763750979569205,0.355772939719484,0.934047117696147,0.478917864677329,0,1,0,188.800003051758,5.24597090225464
"49","1992","DAIMLER",3,0.886910753022843,0.443739713333339,0.763750979569205,0.355772939719484,1,0,0,179.360000610352,5.19495485693696
"50","1993","DAIMLER",3,0.607920215048348,0.223911605454518,0.886910753022843,0.443739713333339,0,1,0,158.119995117188,5.06965860385936
"51","1994","DAIMLER",3,0.485464472392017,0.185287185468169,0.607920215048348,0.223911605454518,0,1,0,243.080001831055,5.49749604791028
"52","1995","DAIMLER",3,0.655586207347838,0.33717236541987,0.485464472392017,0.185287185468169,1,0,0,287.920013427734,5.66614987965826
"53","1996","DAIMLER",3,0.671650231646914,0.365641237436231,0.655586207347838,0.33717236541987,0,0,1,476.720001220703,6.1690247893555
"54","1997","DAIMLER",3,0.755483864305299,0.454883628734904,0.671650231646914,0.365641237436231,0,0,1,559.320007324219,6.32850806216898
"55","1998","DAIMLER",3,-0.75277004357328,-0.241223238776548,0.755483864305299,0.454883628734904,0,1,0,814.200012207031,6.70343349688279
"56","1999","DAIMLER",3,-0.840113847604668,-0.310111606864332,-0.75277004357328,-0.241223238776548,0,0,1,868.47998046875,6.76789530934153
"57","2000","DAIMLER",3,-0.966202750461961,-0.395623208505501,-0.840113847604668,-0.310111606864332,0,1,0,571.119995117188,6.3493487510521
"58","2001","DAIMLER",3,-0.900617970564242,-0.333141800800163,-0.966202750461961,-0.395623208505501,0,0,1,460.200012207031,6.13383181486288
"59","2002","DAIMLER",3,-1.1325916459662,-0.560555392336001,-0.900617970564242,-0.333141800800163,0,1,0,656.080017089844,6.48780580268177
"60","2003","DAIMLER",3,-1.19037887987621,-0.627132042273085,-1.1325916459662,-0.560555392336001,0,0,1,1028.9599609375,6.9372752075919
"61","2004","DAIMLER",3,-1.31367602795723,-0.704117933754677,-1.19037887987621,-0.627132042273085,0,1,0,684.400024414062,6.53000264506067
"62","2005","DAIMLER",3,-1.3813505002651,-0.760378270415725,-1.31367602795723,-0.704117933754677,0,0,1,169.919998168945,5.14119560006289
"63","2006","DAIMLER",3,-1.31761176923427,-0.738623017549568,-1.3813505002651,-0.760378270415725,0,0,1,0,0
"64","1983","FIAT",4,0.879107796095891,0.627677609259354,1.0638847685972,0.783869247984185,0,1,0,49.560001373291,3.92316077700021
"65","1984","FIAT",4,0.942612900517593,0.672110329752759,0.879107796095891,0.627677609259354,0,0,1,89.6800003051758,4.50733682900474
"66","1985","FIAT",4,0.739594991920756,0.506236254268636,0.942612900517593,0.672110329752759,0,1,0,120.360000610352,4.79876134006954
"67","1986","FIAT",4,0.671656413082246,0.481120878707716,0.739594991920756,0.506236254268636,0,0,1,122.720001220703,4.81802095768353
"68","1987","FIAT",4,0.504384947429931,0.356346956676464,0.671656413082246,0.481120878707716,0,1,0,148.679992675781,5.00849963303332
"69","1988","FIAT",4,0.364018266577752,0.261455896380163,0.504384947429931,0.356346956676464,0,1,0,169.919998168945,5.14119560006289
"70","1989","FIAT",4,0.334133125748389,0.252085076496539,0.364018266577752,0.261455896380163,0,0,1,205.320007324219,5.3294283970724
"71","1990","FIAT",4,0.342698705020493,0.243435480855236,0.334133125748389,0.252085076496539,0,0,1,233.639999389648,5.45805242206797
"72","1991","FIAT",4,0.13864473599067,0.0838411143721057,0.342698705020493,0.243435480855236,0,1,0,155.759994506836,5.05471593828956
"73","1992","FIAT",4,0.0710744648614309,0.0265099500887225,0.13864473599067,0.0838411143721057,0,0,1,160.479995727539,5.0843812695266
"74","1993","FIAT",4,-0.161957464799512,-0.183944684554978,0.0710744648614309,0.0265099500887225,0,1,0,146.320007324219,4.99260714129325
"75","1994","FIAT",4,-0.205736871187279,-0.176889050611858,-0.161957464799512,-0.183944684554978,0,0,1,77.879997253418,4.36792767547463
"76","1995","FIAT",4,-0.0863781656242709,-0.0530192914390015,-0.205736871187279,-0.176889050611858,1,0,0,87.3199996948242,4.48096657907344
"77","1996","FIAT",4,-0.0709763901985519,-0.0327049620830006,-0.0863781656242709,-0.0530192914390015,0,0,1,103.839996337891,4.65243534352475
"78","1997","FIAT",4,0.0267254258229031,0.0923016917852099,-0.0709763901985519,-0.0327049620830006,0,0,1,87.3199996948242,4.48096657907344
"79","1998","FIAT",4,0.00289542750939777,0.0967490354574073,0.0267254258229031,0.0923016917852099,0,0,1,63.7200012207031,4.17007029161153
"80","1999","FIAT",4,-0.325802968367865,-0.185964457847224,0.00289542750939777,0.0967490354574073,0,1,0,61.3600006103516,4.13292405397713
"81","2000","FIAT",4,-0.341711777784319,-0.171343040937689,-0.325802968367865,-0.185964457847224,0,0,1,77.879997253418,4.36792767547463
"82","2001","FIAT",4,-0.0819740675603657,0.0187507971205853,-0.341711777784319,-0.171343040937689,1,0,0,73.1600036621094,4.30622497063879
"83","2002","FIAT",4,-0.485790285808114,-0.366577195476376,-0.0819740675603657,0.0187507971205853,0,1,0,37.7599983215332,3.65738874371847
"84","2003","FIAT",4,-0.784426529942753,-0.616089520505484,-0.485790285808114,-0.366577195476376,0,1,0,28.3199996948242,3.37826986661
"85","2004","FIAT",4,-0.899035016526291,-0.695465968209629,-0.784426529942753,-0.616089520505484,0,1,0,56.6399993896484,4.05421676054229
"86","2005","FIAT",4,-1.0286284889689,-0.815590313283313,-0.899035016526291,-0.695465968209629,0,1,0,30.6800003051758,3.4556855765793
"87","2006","FIAT",4,-0.980653236336641,-0.763845092999685,-1.0286284889689,-0.815590313283313,0,0,1,0,0
"88","1983","FORD",5,0.149783621284938,0.101245971757975,0.0904122577744185,0.0366796770741308,0,0,1,203,5.31811999384422
"89","1984","FORD",5,0.29757214795089,0.225122623748177,0.149783621284938,0.101245971757975,1,0,0,183,5.21493575760899
"90","1985","FORD",5,0.233944255575118,0.170534737914611,0.29757214795089,0.225122623748177,0,0,1,249,5.52146091786225
"91","1986","FORD",5,0.210122582892238,0.158834841335704,0.233944255575118,0.170534737914611,0,0,1,252,5.53338948872752
"92","1987","FORD",5,0.244531811513646,0.170063135718678,0.210122582892238,0.158834841335704,0,0,1,318,5.76519110278484
"93","1988","FORD",5,0.0999969599281383,0.0662470054275737,0.244531811513646,0.170063135718678,0,1,0,302,5.71373280550937
"94","1989","FORD",5,0.0186377846299796,0.0120081583650402,0.0999969599281383,0.0662470054275737,0,0,1,424.799987792969,6.05396972379092
"95","1990","FORD",5,0.114421072944595,0.0670143982825927,0.0186377846299796,0.0120081583650402,0,0,1,449,6.10924758276437
"96","1991","FORD",5,-0.143298539456367,-0.141352384280572,0.114421072944595,0.0670143982825927,0,1,0,466,6.1463292576689
"97","1992","FORD",5,-0.0429146352853532,-0.0552602404588313,-0.143298539456367,-0.141352384280572,1,0,0,474,6.16331480403464
"98","1993","FORD",5,-0.0145354809814783,-0.0163428600273312,-0.0429146352853532,-0.0552602404588313,0,0,1,553,6.31716468674728
"99","1994","FORD",5,0.165795467866343,0.141055661986384,-0.0145354809814783,-0.0163428600273312,1,0,0,508,6.23244801655052
"100","1995","FORD",5,0.168579194178017,0.145664039062523,0.165795467866343,0.141055661986384,0,0,1,478,6.17170059741091
"101","1996","FORD",5,0.0974722818259382,0.0789368286109261,0.168579194178017,0.145664039062523,0,0,1,497.959991455078,6.2125259150924
"102","1997","FORD",5,0.15532793978256,0.128066258235028,0.0974722818259382,0.0789368286109261,0,0,1,507,6.23048144757848
"103","1998","FORD",5,0.339390026428618,0.317214607107191,0.15532793978256,0.128066258235028,1,0,0,710.359985351562,6.56717861018367
"104","1999","FORD",5,0.058838603117675,0.0829478228686663,0.339390026428618,0.317214607107191,0,1,0,743.400024414062,6.61257855756506
"105","2000","FORD",5,-0.0306800307524975,0.0287245698769422,0.058838603117675,0.0829478228686663,0,0,1,851.960021972656,6.74871267883493
"106","2001","FORD",5,0.0268958597820104,0.0902098421825388,-0.0306800307524975,0.0287245698769422,0,0,1,814.200012207031,6.70343349688279
"107","2002","FORD",5,-0.148968245445704,-0.101580802466259,0.0268958597820104,0.0902098421825388,0,1,0,771.719970703125,6.64991671995708
"108","2003","FORD",5,-0.338357336618137,-0.259523021404346,-0.148968245445704,-0.101580802466259,0,1,0,861.400024414062,6.75971922846417
"109","2004","FORD",5,-0.288173118158019,-0.231555951248215,-0.338357336618137,-0.259523021404346,0,0,1,705.640014648438,6.56052136316658
"110","2005","FORD",5,-0.433639603891688,-0.357516110211101,-0.288173118158019,-0.231555951248215,0,1,0,254.880004882812,5.54470860366437
"111","2006","FORD",5,-0.586776722807276,-0.49614428518748,-0.433639603891688,-0.357516110211101,0,1,0,0,0
"112","1983","GM",6,0.449568008633705,0.35317441352692,0.458496070777222,0.324085510519603,0,0,1,230,5.44241771052179
"113","1984","GM",6,0.48297139386058,0.39271147995573,0.449568008633705,0.35317441352692,0,0,1,262,5.57215403217776
"114","1985","GM",6,0.385400910662478,0.315564355198028,0.48297139386058,0.39271147995573,0,0,1,273,5.61312810638807
"115","1986","GM",6,0.332154737384529,0.276249564099338,0.385400910662478,0.315564355198028,0,0,1,375,5.92958914338989
"116","1987","GM",6,0.151132215199545,0.0906153431915147,0.332154737384529,0.276249564099338,0,1,0,342,5.83773044716594
"117","1988","GM",6,0.00878911717670207,-0.017280817270292,0.151132215199545,0.0906153431915147,0,1,0,398,5.98896141688986
"118","1989","GM",6,-0.0203118834488227,-0.0473164402789358,0.00878911717670207,-0.017280817270292,0,0,1,413,6.02586597382531
"119","1990","GM",6,-0.0169111765201354,-0.0533945819029517,-0.0203118834488227,-0.0473164402789358,0,0,1,415,6.03068526026126
"120","1991","GM",6,-0.16623871947291,-0.183292718880385,-0.0169111765201354,-0.0533945819029517,0,1,0,464,6.14203740558736
"121","1992","GM",6,-0.0351648285995043,-0.0671582815134487,-0.16623871947291,-0.183292718880385,1,0,0,454,6.12029741895095
"122","1993","GM",6,-0.0953532345647231,-0.0875742385574635,-0.0351648285995043,-0.0671582815134487,0,0,1,354,5.87211778947542
"123","1994","GM",6,0.00596813371160476,0.0105752463265301,-0.0953532345647231,-0.0875742385574635,1,0,0,338,5.82600010738045
"124","1995","GM",6,0.147379403518892,0.132314312020811,0.00596813371160476,0.0105752463265301,1,0,0,326,5.78996017089725
"125","1996","GM",6,0.00622498101596741,0.0132870782958098,0.147379403518892,0.132314312020811,0,1,0,317,5.76205138278018
"126","1997","GM",6,0.202184328171745,0.161761143030475,0.00622498101596741,0.0132870782958098,1,0,0,268,5.59471137960184
"127","1998","GM",6,0.18074179463809,0.165767202731836,0.202184328171745,0.161761143030475,0,0,1,283,5.64897423816121
"128","1999","GM",6,0.0936714879989637,0.0967461254284944,0.18074179463809,0.165767202731836,0,0,1,181,5.2040066870768
"129","2000","GM",6,-0.0757617642717647,-0.0199274850041603,0.0936714879989637,0.0967461254284944,0,1,0,224,5.41610040220442
"130","2001","GM",6,-0.191539900257484,-0.0695583660460313,-0.0757617642717647,-0.0199274850041603,0,1,0,294,5.68697535633982
"131","2002","GM",6,-0.171954940489449,-0.114079058324201,-0.191539900257484,-0.0695583660460313,0,0,1,473,6.16120732169508
"132","2003","GM",6,-0.243609713416717,-0.18634132808527,-0.171954940489449,-0.114079058324201,0,0,1,410,6.01859321449623
"133","2004","GM",6,-0.23960216005555,-0.180235464921093,-0.243609713416717,-0.18634132808527,0,0,1,205,5.32787616878958
"134","2005","GM",6,-0.54131729917164,-0.436225087336439,-0.23960216005555,-0.180235464921093,0,1,0,28.3199996948242,3.37826986661
"135","2006","GM",6,-0.762361205774924,-0.605861291016902,-0.54131729917164,-0.436225087336439,0,1,0,0,0
"136","1983","HONDA",7,-0.409610815122205,-0.411368052622615,-0.21499105180728,-0.287782676514723,0,1,0,248,5.51745289646471
"137","1984","HONDA",7,-0.0827210282729348,-0.17075265308528,-0.409610815122205,-0.411368052622615,1,0,0,253,5.53733426701854
"138","1985","HONDA",7,-0.143784527371789,-0.208699948685295,-0.0827210282729348,-0.17075265308528,0,0,1,333,5.8111409929767
"139","1986","HONDA",7,0.0128414309369063,-0.054060738022931,-0.143784527371789,-0.208699948685295,1,0,0,355,5.87493073085203
"140","1987","HONDA",7,0.198329487223981,0.0807027213822767,0.0128414309369063,-0.054060738022931,1,0,0,368,5.91079664404053
"141","1988","HONDA",7,0.103219660890566,0.0133436343371919,0.198329487223981,0.0807027213822767,0,0,1,359,5.88610403145016
"142","1989","HONDA",7,-0.104944658260361,-0.123598509024856,0.103219660890566,0.0133436343371919,0,1,0,325,5.78689738136671
"143","1990","HONDA",7,-0.00482796822009487,-0.039206759570679,-0.104944658260361,-0.123598509024856,1,0,0,196,5.28320372873799
"144","1991","HONDA",7,0.110939943364046,0.0433484190308258,-0.00482796822009487,-0.039206759570679,1,0,0,230,5.44241771052179
"145","1992","HONDA",7,0.0208938768211258,-0.0340655864120882,0.110939943364046,0.0433484190308258,0,0,1,272,5.60947179518496
"146","1993","HONDA",7,-0.288621430103125,-0.269501075278326,0.0208938768211258,-0.0340655864120882,0,1,0,259,5.56068163101553
"147","1994","HONDA",7,0.0206451154631512,-0.0291518591187876,-0.288621430103125,-0.269501075278326,1,0,0,324,5.78382518232974
"148","1995","HONDA",7,-0.0287292530466463,-0.0403320051783281,0.0206451154631512,-0.0291518591187876,0,0,1,427,6.0591231955818
"149","1996","HONDA",7,0.102607768130555,0.0911592433510149,-0.0287292530466463,-0.0403320051783281,1,0,0,392,5.97380961186926
"150","1997","HONDA",7,0.141615749351663,0.103432271836222,0.102607768130555,0.0911592433510149,0,0,1,498,6.21260609575152
"151","1998","HONDA",7,0.335062009308868,0.314938485292268,0.141615749351663,0.103432271836222,1,0,0,558,6.3261494731551
"152","1999","HONDA",7,0.169982430760231,0.181126091382607,0.335062009308868,0.314938485292268,0,1,0,500,6.21660610108486
"153","2000","HONDA",7,0.0269601120835583,0.105915356034182,0.169982430760231,0.181126091382607,0,1,0,817,6.70686233660275
"154","2001","HONDA",7,0.04357275012953,0.160273961945145,0.0269601120835583,0.105915356034182,0,0,1,894.440002441406,6.7973152203075
"155","2002","HONDA",7,-0.0839405344731642,0.0225582178163873,0.04357275012953,0.160273961945145,0,1,0,984.119995117188,6.89276345620633
"156","2003","HONDA",7,-0.143520825271175,-0.0267762538898267,-0.0839405344731642,0.0225582178163873,0,0,1,1078.52001953125,6.98427179497165
"157","2004","HONDA",7,-0.0906010982903198,0.0288186502837171,-0.143520825271175,-0.0267762538898267,0,0,1,913.320007324219,6.81818062759991
"158","2005","HONDA",7,-0.0518979308599018,0.05573634827749,-0.0906010982903198,0.0288186502837171,0,0,1,608.880004882812,6.41326222450989
"159","2006","HONDA",7,-0.0478089756594585,0.0551334435650609,-0.0518979308599018,0.05573634827749,0,0,1,0,0
"160","1983","HYUNDAI",8,-1.53686906287307,-1.67719969942024,-1.65424486010997,-1.80619829057003,1,0,0,0,0
"161","1984","HYUNDAI",8,-1.04535069753602,-1.25866902343522,-1.53686906287307,-1.67719969942024,1,0,0,0,0
"162","1985","HYUNDAI",8,-0.543721742502967,-0.768714670052403,-1.04535069753602,-1.25866902343522,1,0,0,0,0
"163","1986","HYUNDAI",8,-0.595014121974775,-0.651728536331081,-0.543721742502967,-0.768714670052403,0,0,1,0,0
"164","1987","HYUNDAI",8,-0.419719543079358,-0.450451239158686,-0.595014121974775,-0.651728536331081,1,0,0,0,0
"165","1988","HYUNDAI",8,-0.849038456577907,-0.765972393744195,-0.419719543079358,-0.450451239158686,0,1,0,0,0
"166","1989","HYUNDAI",8,-0.72963713700024,-0.681688696255915,-0.849038456577907,-0.765972393744195,1,0,0,2,1.09861228866811
"167","1990","HYUNDAI",8,-0.701884258149176,-0.640394864197832,-0.72963713700024,-0.681688696255915,0,0,1,1,0.693147180559945
"168","1991","HYUNDAI",8,-0.436836362787884,-0.413581734795327,-0.701884258149176,-0.640394864197832,1,0,0,5,1.79175946922805
"169","1992","HYUNDAI",8,-0.136604366006698,-0.151214636075894,-0.436836362787884,-0.413581734795327,1,0,0,7,2.07944154167984
"170","1993","HYUNDAI",8,-0.109990402596285,-0.0920349770458966,-0.136604366006698,-0.151214636075894,0,0,1,24,3.2188758248682
"171","1994","HYUNDAI",8,0.282989491762263,0.235533309093504,-0.109990402596285,-0.0920349770458966,1,0,0,35.4000015258789,3.59456881656244
"172","1995","HYUNDAI",8,0.388262782365406,0.350040104087364,0.282989491762263,0.235533309093504,1,0,0,90,4.51085950651685
"173","1996","HYUNDAI",8,0.340972985830921,0.31973336991555,0.388262782365406,0.350040104087364,0,0,1,104,4.65396035015752
"174","1997","HYUNDAI",8,0.727995171988082,0.706902531113146,0.340972985830921,0.31973336991555,1,0,0,110,4.70953020131233
"175","1998","HYUNDAI",8,0.378975604192191,0.38057621816955,0.727995171988082,0.706902531113146,0,1,0,31,3.46573590279973
"176","1999","HYUNDAI",8,0.60023124504367,0.646144563679537,0.378975604192191,0.38057621816955,1,0,0,99,4.60517018598809
"177","2000","HYUNDAI",8,0.519584933435331,0.647007754863557,0.60023124504367,0.646144563679537,0,0,1,191,5.25749537202778
"178","2001","HYUNDAI",8,0.705281004601203,0.82417533891929,0.519584933435331,0.647007754863557,1,0,0,118,4.77912349311153
"179","2002","HYUNDAI",8,0.634309528751821,0.73731535970916,0.705281004601203,0.82417533891929,0,0,1,190,5.25227342804663
"180","2003","HYUNDAI",8,0.617489837298312,0.709180364643896,0.634309528751821,0.73731535970916,0,0,1,144,4.97673374242057
"181","2004","HYUNDAI",8,0.741609286545913,0.830394722987263,0.617489837298312,0.709180364643896,1,0,0,29,3.40119738166216
"182","2005","HYUNDAI",8,0.773987861248959,0.856299297903932,0.741609286545913,0.830394722987263,0,0,1,9.4399995803833,2.34564454226132
"183","2006","HYUNDAI",8,0.824886885232198,0.890266642924463,0.773987861248959,0.856299297903932,0,0,1,0,0
"184","1983","NISSAN",9,0.364308614019838,0.299888125887874,0.438716915769181,0.349622172981379,0,0,1,384.679992675781,5.95500799110696
"185","1984","NISSAN",9,0.46175275893623,0.36711636275373,0.364308614019838,0.299888125887874,0,0,1,368.160003662109,5.91123016431749
"186","1985","NISSAN",9,0.485451896971332,0.370537034278059,0.46175275893623,0.36711636275373,0,0,1,258,5.55682806169954
"187","1986","NISSAN",9,0.268483145045454,0.188348980556221,0.485451896971332,0.370537034278059,0,1,0,259,5.56068163101553
"188","1987","NISSAN",9,0.224169254246617,0.143764825417937,0.268483145045454,0.188348980556221,0,0,1,219,5.39362754635236
"189","1988","NISSAN",9,0.0647711678491453,0.013407618270039,0.224169254246617,0.143764825417937,0,1,0,342,5.83773044716594
"190","1989","NISSAN",9,-0.0401050024909617,-0.0355989800981754,0.0647711678491453,0.013407618270039,0,1,0,366,5.90536184805457
"191","1990","NISSAN",9,0.528436899818332,0.382484303284117,-0.0401050024909617,-0.0355989800981754,1,0,0,333,5.8111409929767
"192","1991","NISSAN",9,0.17832338909106,0.122363571239554,0.528436899818332,0.382484303284117,0,1,0,302,5.71373280550937
"193","1992","NISSAN",9,0.199001050312164,0.137122265976588,0.17832338909106,0.122363571239554,0,0,1,185,5.2257466737132
"194","1993","NISSAN",9,-0.0783896007620681,-0.083598127052448,0.199001050312164,0.137122265976588,0,1,0,124,4.8283137373023
"195","1994","NISSAN",9,0.0397965750968558,0.0120383742955196,-0.0783896007620681,-0.083598127052448,1,0,0,133,4.89783979995091
"196","1995","NISSAN",9,0.122545622570315,0.0917310352981851,0.0397965750968558,0.0120383742955196,0,0,1,172,5.15329159449778
"197","1996","NISSAN",9,-0.0264582438251832,-0.0209554143340079,0.122545622570315,0.0917310352981851,0,1,0,204,5.32300997913841
"198","1997","NISSAN",9,-0.103483450777596,-0.0815447226963341,-0.0264582438251832,-0.0209554143340079,0,0,1,231,5.44673737166631
"199","1998","NISSAN",9,-0.118520195847685,-0.0847547218748509,-0.103483450777596,-0.0815447226963341,0,0,1,363.440002441406,5.89836193554472
"200","1999","NISSAN",9,-0.403340765199802,-0.315955633233651,-0.118520195847685,-0.0847547218748509,0,1,0,253,5.53733426701854
"201","2000","NISSAN",9,-0.551752798395284,-0.402361635774227,-0.403340765199802,-0.315955633233651,0,1,0,500.320007324219,6.21724463435319
"202","2001","NISSAN",9,-0.494563870262805,-0.336629484451439,-0.551752798395284,-0.402361635774227,0,0,1,623.039978027344,6.43621443366871
"203","2002","NISSAN",9,-0.558909629053873,-0.427975522573715,-0.494563870262805,-0.336629484451439,0,0,1,677.320007324219,6.51961916379333
"204","2003","NISSAN",9,-0.452187923937536,-0.341143899530589,-0.558909629053873,-0.427975522573715,1,0,0,708,6.56385552653213
"205","2004","NISSAN",9,-0.264776465732495,-0.183931144423845,-0.452187923937536,-0.341143899530589,1,0,0,903.880004882812,6.80780234361921
"206","2005","NISSAN",9,-0.115764748455506,-0.0667049206160951,-0.264776465732495,-0.183931144423845,1,0,0,594.719970703125,6.38977070883873
"207","2006","NISSAN",9,-0.222464455093969,-0.171856644466472,-0.115764748455506,-0.0667049206160951,0,1,0,0,0
"208","1983","PSA",11,0.723204040503476,0.496170797905529,0.816394160049619,0.561418416240505,0,0,1,99.120002746582,4.60636949399647
"209","1984","PSA",11,0.619086646359418,0.396606543924894,0.723204040503476,0.496170797905529,0,1,0,118,4.77912349311153
"210","1985","PSA",11,0.475665182041866,0.277726439508769,0.619086646359418,0.396606543924894,0,1,0,110.919998168945,4.71778431399684
"211","1986","PSA",11,0.454556796758584,0.277558564212365,0.475665182041866,0.277726439508769,0,0,1,110.919998168945,4.71778431399684
"212","1987","PSA",11,0.233508024549955,0.122425975952253,0.454556796758584,0.277558564212365,0,1,0,179.360000610352,5.19495485693696
"213","1988","PSA",11,0.155987082831965,0.0736358385822549,0.233508024549955,0.122425975952253,0,0,1,219.479995727539,5.3958069684473
"214","1989","PSA",11,0.19074103075667,0.109051829983064,0.155987082831965,0.0736358385822549,0,0,1,214.759994506836,5.37416665337187
"215","1990","PSA",11,0.364927925044077,0.237158770123132,0.19074103075667,0.109051829983064,1,0,0,221.839996337891,5.40645400871881
"216","1991","PSA",11,0.241204335041226,0.127113888673595,0.364927925044077,0.237158770123132,0,1,0,202.960006713867,5.31792392910452
"217","1992","PSA",11,0.0676359851313334,0.00926651549786423,0.241204335041226,0.127113888673595,0,1,0,158.119995117188,5.06965860385936
"218","1993","PSA",11,0.0496153743379623,-0.0329278247152155,0.0676359851313334,0.00926651549786423,0,0,1,118,4.77912349311153
"219","1994","PSA",11,0.0462761196777022,-0.002442143271655,0.0496153743379623,-0.0329278247152155,0,0,1,129.800003051758,4.87366946235458
"220","1995","PSA",11,-0.0589028387810142,-0.08403681551745,0.0462761196777022,-0.002442143271655,0,1,0,132.160003662109,4.8915514402084
"221","1996","PSA",11,-0.121735763403707,-0.122462779462043,-0.0589028387810142,-0.08403681551745,0,0,1,96.7600021362305,4.58251551727507
"222","1997","PSA",11,-0.147085912118007,-0.134430792880475,-0.121735763403707,-0.122462779462043,0,0,1,139.240005493164,4.94335527978272
"223","1998","PSA",11,-0.172388744650981,-0.092530541898281,-0.147085912118007,-0.134430792880475,0,0,1,186.440002441406,5.23345880722454
"224","1999","PSA",11,-0.244140796567674,-0.143453260223513,-0.172388744650981,-0.092530541898281,0,0,1,174.639999389648,5.1684364422185
"225","2000","PSA",11,-0.549133457293204,-0.323881218056739,-0.244140796567674,-0.143453260223513,0,1,0,217.119995117188,5.38504534767196
"226","2001","PSA",11,0.0306541533290008,0.162463596621253,-0.549133457293204,-0.323881218056739,1,0,0,287.920013427734,5.66614987965826
"227","2002","PSA",11,-0.200313642387621,-0.0595794580179473,0.0306541533290008,0.162463596621253,0,1,0,254.880004882812,5.54470860366437
"228","2003","PSA",11,-0.466113197285939,-0.265919469497381,-0.200313642387621,-0.0595794580179473,0,1,0,287.920013427734,5.66614987965826
"229","2004","PSA",11,-0.610324816106037,-0.37247685448035,-0.466113197285939,-0.265919469497381,0,1,0,384.679992675781,5.95500799110696
"230","2005","PSA",11,-0.537380544411134,-0.333261155726274,-0.610324816106037,-0.37247685448035,0,0,1,311.519989013672,5.74466843197454
"231","2006","PSA",11,-0.812429269768647,-0.554570945708573,-0.537380544411134,-0.333261155726274,0,1,0,0,0
"232","1983","RENAULT",12,0.787481790632598,0.629008359839496,0.974001561899533,0.759113169863754,0,1,0,120.360000610352,4.79876134006954
"233","1984","RENAULT",12,0.775000187349513,0.562543904335877,0.787481790632598,0.629008359839496,0,0,1,113.279998779297,4.73865156668089
"234","1985","RENAULT",12,0.703277319959287,0.481326333605119,0.775000187349513,0.562543904335877,0,0,1,99.120002746582,4.60636949399647
"235","1986","RENAULT",12,0.780514703687669,0.556726722208684,0.703277319959287,0.481326333605119,0,0,1,84.9599990844727,4.45388206112369
"236","1987","RENAULT",12,0.553836998023019,0.385097148486784,0.780514703687669,0.556726722208684,0,1,0,84.9599990844727,4.45388206112369
"237","1988","RENAULT",12,0.334946415615033,0.205504528648988,0.553836998023019,0.385097148486784,0,1,0,118,4.77912349311153
"238","1989","RENAULT",12,0.28084171076949,0.177344660324592,0.334946415615033,0.205504528648988,0,0,1,115.639999389648,4.75909226302757
"239","1990","RENAULT",12,0.371794638316596,0.22096861591354,0.28084171076949,0.177344660324592,0,0,1,108.559997558594,4.69647232211114
"240","1991","RENAULT",12,0.0649728057050362,0.000991904399543317,0.371794638316596,0.22096861591354,0,1,0,155.759994506836,5.05471593828956
"241","1992","RENAULT",12,0.108318730314105,0.0587516442208629,0.0649728057050362,0.000991904399543317,0,0,1,113.279998779297,4.73865156668089
"242","1993","RENAULT",12,0.0558414537055662,-0.00579425058988609,0.108318730314105,0.0587516442208629,0,0,1,113.279998779297,4.73865156668089
"243","1994","RENAULT",12,0.0330285126895605,-0.00603259691747646,0.0558414537055662,-0.00579425058988609,0,0,1,103.839996337891,4.65243534352475
"244","1995","RENAULT",12,0.215382619346671,0.125721050831554,0.0330285126895605,-0.00603259691747646,1,0,0,120.360000610352,4.79876134006954
"245","1996","RENAULT",12,-0.0573776422302968,-0.0694995770898673,0.215382619346671,0.125721050831554,0,1,0,87.3199996948242,4.48096657907344
"246","1997","RENAULT",12,-0.10436367493142,-0.1030483106348,-0.0573776422302968,-0.0694995770898673,0,0,1,122.720001220703,4.81802095768353
"247","1998","RENAULT",12,-0.0516038851948837,0.0141711828332725,-0.10436367493142,-0.1030483106348,0,0,1,236,5.46806014113513
"248","1999","RENAULT",12,-0.275816135071811,-0.156570004288069,-0.0516038851948837,0.0141711828332725,0,1,0,309.160003662109,5.73708830516984
"249","2000","RENAULT",12,-0.478854881263141,-0.284530968039213,-0.275816135071811,-0.156570004288069,0,1,0,14.1599998474121,2.71866037014906
"250","2001","RENAULT",12,-0.180941958103329,-0.0406547107958446,-0.478854881263141,-0.284530968039213,1,0,0,16.5200004577637,2.86334311163631
"251","2002","RENAULT",12,-0.373073265159573,-0.241855110793373,-0.180941958103329,-0.0406547107958446,0,1,0,7.07999992370605,2.08939186309068
"252","2003","RENAULT",12,-0.559918537186997,-0.393550125328732,-0.373073265159573,-0.241855110793373,0,1,0,16.5200004577637,2.86334311163631
"253","2004","RENAULT",12,-0.71624085534229,-0.505127686213211,-0.559918537186997,-0.393550125328732,0,1,0,14.1599998474121,2.71866037014906
"254","2005","RENAULT",12,-0.929772476610677,-0.67211373949225,-0.71624085534229,-0.505127686213211,0,1,0,0,0
"255","2006","RENAULT",12,-1.26094691505983,-0.943540856621825,-0.929772476610677,-0.67211373949225,0,1,0,0,0
"256","1983","SUZUKI",13,-0.334408151555444,-0.380810096176236,-0.217782589128713,-0.303404341088221,0,1,0,5,1.79175946922805
"257","1984","SUZUKI",13,-0.0705672222972858,-0.171465853138247,-0.334408151555444,-0.380810096176236,1,0,0,4,1.6094379124341
"258","1985","SUZUKI",13,-0.0778052773158845,-0.152514460420106,-0.0705672222972858,-0.171465853138247,0,0,1,16,2.83321334405622
"259","1986","SUZUKI",13,0.00711286870252309,-0.058300856752467,-0.0778052773158845,-0.152514460420106,0,0,1,3,1.38629436111989
"260","1987","SUZUKI",13,-0.0873500497551185,-0.140997053770747,0.00711286870252309,-0.058300856752467,0,0,1,7,2.07944154167984
"261","1988","SUZUKI",13,-0.210023988427186,-0.254501061507909,-0.0873500497551185,-0.140997053770747,0,1,0,17,2.89037175789616
"262","1989","SUZUKI",13,-0.181664302428927,-0.223871633402259,-0.210023988427186,-0.254501061507909,0,0,1,49,3.91202300542815
"263","1990","SUZUKI",13,-0.0529214707043768,-0.131820406864169,-0.181664302428927,-0.223871633402259,1,0,0,51.9199981689453,3.96878130464633
"264","1991","SUZUKI",13,-0.0989595164975409,-0.151814668372743,-0.0529214707043768,-0.131820406864169,0,0,1,47.2000007629395,3.87535903688517
"265","1992","SUZUKI",13,-0.231175159520075,-0.239696081258406,-0.0989595164975409,-0.151814668372743,0,1,0,19,2.99573227355399
"266","1993","SUZUKI",13,-0.229209343159217,-0.237150890059673,-0.231175159520075,-0.239696081258406,0,0,1,33,3.52636052461616
"267","1994","SUZUKI",13,0.290653308155864,0.179840342874671,-0.229209343159217,-0.237150890059673,1,0,0,16,2.83321334405622
"268","1995","SUZUKI",13,0.32096797310251,0.256552906399961,0.290653308155864,0.179840342874671,0,0,1,14,2.70805020110221
"269","1996","SUZUKI",13,0.570542810239964,0.514495213897217,0.32096797310251,0.256552906399961,1,0,0,35,3.58351893845611
"270","1997","SUZUKI",13,0.510229583898495,0.469588752253776,0.570542810239964,0.514495213897217,0,0,1,45,3.8286413964891
"271","1998","SUZUKI",13,0.395825838069346,0.400532477089605,0.510229583898495,0.469588752253776,0,1,0,75,4.33073334028633
"272","1999","SUZUKI",13,0.206101656228665,0.263521568583427,0.395825838069346,0.400532477089605,0,1,0,66,4.20469261939097
"273","2000","SUZUKI",13,0.105928893205663,0.19151508687909,0.206101656228665,0.263521568583427,0,1,0,66,4.20469261939097
"274","2001","SUZUKI",13,0.369243124426462,0.389283310657416,0.105928893205663,0.19151508687909,1,0,0,85,4.45434729625351
"275","2002","SUZUKI",13,0.0618773277935126,0.118416392884939,0.369243124426462,0.389283310657416,0,1,0,43,3.78418963391826
"276","2003","SUZUKI",13,-0.247011900300181,-0.126402055980545,0.0618773277935126,0.118416392884939,0,1,0,38,3.66356164612965
"277","2004","SUZUKI",13,-0.295775223021641,-0.140476645982582,-0.247011900300181,-0.126402055980545,0,0,1,27,3.3322045101752
"278","2005","SUZUKI",13,-0.39855268126879,-0.211842181965632,-0.295775223021641,-0.140476645982582,0,1,0,4,1.6094379124341
"279","2006","SUZUKI",13,-0.273495418185744,-0.117165238382556,-0.39855268126879,-0.211842181965632,1,0,0,0,0
"280","1983","TOYOTA",14,-0.295058950259257,-0.273040859217032,-0.304928127049488,-0.287405967775681,0,0,1,231,5.44673737166631
"281","1984","TOYOTA",14,-0.288584735512578,-0.266616214792388,-0.295058950259257,-0.273040859217032,0,0,1,297,5.6970934865054
"282","1985","TOYOTA",14,-0.120241110572569,-0.1480070918818,-0.288584735512578,-0.266616214792388,1,0,0,414,6.0282785202307
"283","1986","TOYOTA",14,-0.165263587013801,-0.180359471162692,-0.120241110572569,-0.1480070918818,0,0,1,468,6.15060276844628
"284","1987","TOYOTA",14,-0.148680412440644,-0.187096722099942,-0.165263587013801,-0.180359471162692,0,0,1,315,5.75574221358691
"285","1988","TOYOTA",14,-0.370063524244132,-0.343809195914385,-0.148680412440644,-0.187096722099942,0,1,0,253,5.53733426701854
"286","1989","TOYOTA",14,-0.394545318033926,-0.346734033222246,-0.370063524244132,-0.343809195914385,0,0,1,207,5.33753807970132
"287","1990","TOYOTA",14,-0.0872430304267648,-0.0973801850224326,-0.394545318033926,-0.346734033222246,1,0,0,228,5.43372200355424
"288","1991","TOYOTA",14,-0.288958627072381,-0.255966669710499,-0.0872430304267648,-0.0973801850224326,0,1,0,219.479995727539,5.3958069684473
"289","1992","TOYOTA",14,0.119764366276019,0.0555565216206882,-0.288958627072381,-0.255966669710499,1,0,0,226.559997558594,5.42741392915382
"290","1993","TOYOTA",14,0.062061918358714,0.00212468231925877,0.119764366276019,0.0555565216206882,0,0,1,273.760009765625,5.61589802488806
"291","1994","TOYOTA",14,0.435328573552953,0.28729611847358,0.062061918358714,0.00212468231925877,1,0,0,302.079986572266,5.71399675275891
"292","1995","TOYOTA",14,0.584861124117513,0.441360900941218,0.435328573552953,0.28729611847358,1,0,0,377.600006103516,5.9364802548965
"293","1996","TOYOTA",14,0.534379769439326,0.414319172003081,0.584861124117513,0.441360900941218,0,0,1,844.880004882812,6.74037751134625
"294","1997","TOYOTA",14,0.455348222792671,0.357150490518322,0.534379769439326,0.414319172003081,0,0,1,1012.44000244141,6.9211057657593
"295","1998","TOYOTA",14,0.447826665745936,0.374326758140472,0.455348222792671,0.357150490518322,0,0,1,776.440002441406,6.65600647379791
"296","1999","TOYOTA",14,0.216629886067641,0.177815393634753,0.447826665745936,0.374326758140472,0,1,0,910.960021972656,6.81559615355723
"297","2000","TOYOTA",14,0.182395020101072,0.188430597763246,0.216629886067641,0.177815393634753,0,0,1,946.359985351562,6.85367915332109
"298","2001","TOYOTA",14,0.127919734045276,0.187671872929528,0.182395020101072,0.188430597763246,0,0,1,1281.47998046875,7.15655096715214
"299","2002","TOYOTA",14,-0.0834944922551575,-0.016450308254482,0.127919734045276,0.187671872929528,0,1,0,974.679992675781,6.88313465629311
"300","2003","TOYOTA",14,-0.123332680661315,-0.0630216508621469,-0.0834944922551575,-0.016450308254482,0,0,1,932.200012207031,6.83861955322811
"301","2004","TOYOTA",14,-0.172043366448854,-0.0800954384181793,-0.123332680661315,-0.0630216508621469,0,0,1,1161.11999511719,7.05800119810196
"302","2005","TOYOTA",14,-0.118362075642962,-0.00521355738325335,-0.172043366448854,-0.0800954384181793,0,0,1,597.080017089844,6.39372455284171
"303","2006","TOYOTA",14,-0.278132321828333,-0.118251141367696,-0.118362075642962,-0.00521355738325335,0,1,0,0,0
"304","1983","VW",15,0.123380229230123,-0.00688469719060261,0.188802748285778,0.047222556829423,0,0,1,49.560001373291,3.92316077700021
"305","1984","VW",15,0.114946957672587,-0.0250224104862657,0.123380229230123,-0.00688469719060261,0,0,1,40.1199989318848,3.71649459517134
"306","1985","VW",15,0.0849863199492691,-0.0372981318086758,0.114946957672587,-0.0250224104862657,0,0,1,75.5199966430664,4.33755210070204
"307","1986","VW",15,0.166924898657202,0.0785441554525714,0.0849863199492691,-0.0372981318086758,0,0,1,99.120002746582,4.60636949399647
"308","1987","VW",15,0.0454843645323248,-0.0313916662814058,0.166924898657202,0.0785441554525714,0,1,0,77.879997253418,4.36792767547463
"309","1988","VW",15,-0.119479316692637,-0.161053871599995,0.0454843645323248,-0.0313916662814058,0,1,0,82.5999984741211,4.42604350183852
"310","1989","VW",15,-0.200244449297785,-0.211223815682805,-0.119479316692637,-0.161053871599995,0,0,1,115.639999389648,4.75909226302757
"311","1990","VW",15,-0.0488926160182102,-0.0943199229435427,-0.200244449297785,-0.211223815682805,1,0,0,127.440002441406,4.85546188822946
"312","1991","VW",15,0.0510786778358343,-0.00648938464751353,-0.0488926160182102,-0.0943199229435427,0,0,1,153.399993896484,5.03954659806013
"313","1992","VW",15,0.098041675244897,0.0533872795820758,0.0510786778358343,-0.00648938464751353,0,0,1,87.3199996948242,4.48096657907344
"314","1993","VW",15,0.0590964149803371,0.00510551667011627,0.098041675244897,0.0533872795820758,0,0,1,73.1600036621094,4.30622497063879
"315","1994","VW",15,-0.159547618552544,-0.149886288602725,0.0590964149803371,0.00510551667011627,0,1,0,75.5199966430664,4.33755210070204
"316","1995","VW",15,0.0296776084072897,0.0207095240848011,-0.159547618552544,-0.149886288602725,1,0,0,66.0800018310547,4.20588596425159
"317","1996","VW",15,-0.0754280299371856,-0.0377208533343818,0.0296776084072897,0.0207095240848011,0,1,0,110.919998168945,4.71778431399684
"318","1997","VW",15,0.170290724706411,0.154014393294535,-0.0754280299371856,-0.0377208533343818,1,0,0,346.920013427734,5.8519726068837
"319","1998","VW",15,0.118729560460471,0.184775222208844,0.170290724706411,0.154014393294535,0,0,1,523.919982910156,6.26324583747104
"320","1999","VW",15,0.0259686093072879,0.101146705995999,0.118729560460471,0.184775222208844,0,0,1,840.159973144531,6.7347818596538
"321","2000","VW",15,-0.0509057387565496,0.0709480817709669,0.0259686093072879,0.101146705995999,0,0,1,1132.80004882812,7.03333014495611
"322","2001","VW",15,0.203026228702755,0.282788635064776,-0.0509057387565496,0.0709480817709669,1,0,0,512.119995117188,6.24050972642892
"323","2002","VW",15,-0.158220283071642,-0.0475828569685633,0.203026228702755,0.282788635064776,0,1,0,488.519989013672,6.19342529671122
"324","2003","VW",15,-0.281153854125256,-0.149738400678428,-0.158220283071642,-0.0475828569685633,0,1,0,559.320007324219,6.32850806216898
"325","2004","VW",15,-0.252875121204232,-0.133726181486499,-0.281153854125256,-0.149738400678428,0,0,1,455.480010986328,6.12354491153268
"326","2005","VW",15,-0.207018463590678,-0.109621366943929,-0.252875121204232,-0.133726181486499,0,0,1,202.960006713867,5.31792392910452
"327","2006","VW",15,-0.150877903591553,-0.0605302853803198,-0.207018463590678,-0.109621366943929,0,0,1,0,0
